"DATE","PERMNO","company","mcap_prev"
1970-01-30,15966,"MOBIL OIL CORP",3920360.25
1970-02-27,12490,"INTERNATIONAL BUSINESS MACHS COR",36529190.0388001
1970-03-31,12490,"INTERNATIONAL BUSINESS MACHS COR",37073995.2593638
1970-04-30,12490,"INTERNATIONAL BUSINESS MACHS COR",36883313.4321665
1970-05-29,12490,"INTERNATIONAL BUSINESS MACHS COR",32470391.1456001
1970-06-30,12490,"INTERNATIONAL BUSINESS MACHS COR",30291170.263345
1970-07-31,12490,"INTERNATIONAL BUSINESS MACHS COR",27240261.028188
1970-08-31,12490,"INTERNATIONAL BUSINESS MACHS COR",27485423.3774417
1970-09-30,12490,"INTERNATIONAL BUSINESS MACHS COR",29010877.9950202
1970-10-30,12490,"INTERNATIONAL BUSINESS MACHS COR",31789384.6198954
1970-11-30,12490,"INTERNATIONAL BUSINESS MACHS COR",32034546.9691491
1970-12-31,12490,"INTERNATIONAL BUSINESS MACHS COR",33478280.803643
1971-01-29,12490,"INTERNATIONAL BUSINESS MACHS COR",34703357.6344114
1971-02-26,12490,"INTERNATIONAL BUSINESS MACHS COR",35549780.9913483
1971-03-31,12490,"INTERNATIONAL BUSINESS MACHS COR",36751156.0786135
1971-04-30,12490,"INTERNATIONAL BUSINESS MACHS COR",39044690.3361199
1971-05-28,12490,"INTERNATIONAL BUSINESS MACHS COR",39071994.3153759
1971-06-30,12490,"INTERNATIONAL BUSINESS MACHS COR",35713604.8668845
1971-07-30,12490,"INTERNATIONAL BUSINESS MACHS COR",34621445.6966434
1971-08-31,12490,"INTERNATIONAL BUSINESS MACHS COR",31809135.8332725
1971-09-30,12490,"INTERNATIONAL BUSINESS MACHS COR",33201638.7753299
1971-10-29,12490,"INTERNATIONAL BUSINESS MACHS COR",33174334.7960739
1971-11-30,12490,"INTERNATIONAL BUSINESS MACHS COR",32819383.0657455
1971-12-31,12490,"INTERNATIONAL BUSINESS MACHS COR",33365462.6508661
1972-01-31,12490,"INTERNATIONAL BUSINESS MACHS COR",37077448.9789465
1972-02-29,12490,"INTERNATIONAL BUSINESS MACHS COR",40548294.8714779
1972-03-30,12490,"INTERNATIONAL BUSINESS MACHS COR",40603387.6634229
1972-04-28,12490,"INTERNATIONAL BUSINESS MACHS COR",42118439.4419088
1972-05-31,12490,"INTERNATIONAL BUSINESS MACHS COR",42531635.3814959
1972-06-30,12490,"INTERNATIONAL BUSINESS MACHS COR",43826315.992202
1972-07-31,12490,"INTERNATIONAL BUSINESS MACHS COR",43192748.8848352
1972-08-31,12490,"INTERNATIONAL BUSINESS MACHS COR",44156872.7438717
1972-09-29,12490,"INTERNATIONAL BUSINESS MACHS COR",45010811.0190183
1972-10-31,12490,"INTERNATIONAL BUSINESS MACHS COR",44790439.8512385
1972-11-30,12490,"INTERNATIONAL BUSINESS MACHS COR",42476542.5895509
1972-12-29,12490,"INTERNATIONAL BUSINESS MACHS COR",43082563.3009453
1973-01-31,12490,"INTERNATIONAL BUSINESS MACHS COR",44747195.7751653
1973-02-28,12490,"INTERNATIONAL BUSINESS MACHS COR",48476128.7564291
1973-03-30,12490,"INTERNATIONAL BUSINESS MACHS COR",48030883.0273229
1973-04-30,12490,"INTERNATIONAL BUSINESS MACHS COR",48030883.0273229
1973-05-31,12490,"INTERNATIONAL BUSINESS MACHS COR",45415064.3688245
1973-06-29,12490,"INTERNATIONAL BUSINESS MACHS COR",43794165.4586254
1973-07-31,12490,"INTERNATIONAL BUSINESS MACHS COR",44107229.3896243
1973-08-31,12490,"INTERNATIONAL BUSINESS MACHS COR",43759380.5774033
1973-09-28,12490,"INTERNATIONAL BUSINESS MACHS COR",41880996.9914098
1973-10-31,12490,"INTERNATIONAL BUSINESS MACHS COR",35897997.4212084
1973-11-30,12490,"INTERNATIONAL BUSINESS MACHS COR",38993851.8499754
1973-12-31,12490,"INTERNATIONAL BUSINESS MACHS COR",36871974.0954273
1974-01-31,12490,"INTERNATIONAL BUSINESS MACHS COR",34332677.7662139
1974-02-28,12490,"INTERNATIONAL BUSINESS MACHS COR",34123968.4788813
1974-03-29,12490,"INTERNATIONAL BUSINESS MACHS COR",33097814.4828293
1974-04-30,12490,"INTERNATIONAL BUSINESS MACHS COR",32802142.9924414
1974-05-31,12490,"INTERNATIONAL BUSINESS MACHS COR",31619457.03089
1974-06-28,12490,"INTERNATIONAL BUSINESS MACHS COR",29567149.038786
1974-07-31,12490,"INTERNATIONAL BUSINESS MACHS COR",29601933.9200081
1974-08-30,12490,"INTERNATIONAL BUSINESS MACHS COR",28054006.7056246
1974-09-30,12490,"INTERNATIONAL BUSINESS MACHS COR",26714788.7785737
1974-10-31,12490,"INTERNATIONAL BUSINESS MACHS COR",22123184.4572564
1974-11-29,12490,"INTERNATIONAL BUSINESS MACHS COR",26314762.6445196
1974-12-31,12490,"INTERNATIONAL BUSINESS MACHS COR",24662480.7864697
1975-01-31,12490,"INTERNATIONAL BUSINESS MACHS COR",23375440.181252
1975-02-28,12490,"INTERNATIONAL BUSINESS MACHS COR",26193015.5602422
1975-03-31,12490,"INTERNATIONAL BUSINESS MACHS COR",30613315.5880471
1975-04-30,12490,"INTERNATIONAL BUSINESS MACHS COR",29352558.3915556
1975-05-30,12490,"INTERNATIONAL BUSINESS MACHS COR",29814244.125482
1975-06-30,12490,"INTERNATIONAL BUSINESS MACHS COR",30581016.1967058
1975-07-31,12490,"INTERNATIONAL BUSINESS MACHS COR",29727592.4888908
1975-08-29,12490,"INTERNATIONAL BUSINESS MACHS COR",27060643.4019688
1975-09-30,12490,"INTERNATIONAL BUSINESS MACHS COR",26491694.2634254
1975-10-31,12490,"INTERNATIONAL BUSINESS MACHS COR",26776168.8326971
1975-11-28,12490,"INTERNATIONAL BUSINESS MACHS COR",30189863.6639573
1975-12-31,12490,"INTERNATIONAL BUSINESS MACHS COR",32198965.3094385
1976-01-30,12490,"INTERNATIONAL BUSINESS MACHS COR",31896711.0795874
1976-02-27,12490,"INTERNATIONAL BUSINESS MACHS COR",36661660.114888
1976-03-31,12490,"INTERNATIONAL BUSINESS MACHS COR",36359405.8850369
1976-04-30,12490,"INTERNATIONAL BUSINESS MACHS COR",37266168.5745904
1976-05-28,12490,"INTERNATIONAL BUSINESS MACHS COR",36039371.9946062
1976-06-30,12490,"INTERNATIONAL BUSINESS MACHS COR",36998341.1103703
1976-07-30,12490,"INTERNATIONAL BUSINESS MACHS COR",39899818.4210228
1976-08-31,12490,"INTERNATIONAL BUSINESS MACHS COR",39233019.2875189
1976-09-30,12490,"INTERNATIONAL BUSINESS MACHS COR",39449278.4659526
1976-10-29,12490,"INTERNATIONAL BUSINESS MACHS COR",40566617.5545268
1976-11-30,12490,"INTERNATIONAL BUSINESS MACHS COR",39178954.4929104
1976-12-31,12490,"INTERNATIONAL BUSINESS MACHS COR",39070824.9036936
1977-01-31,12490,"INTERNATIONAL BUSINESS MACHS COR",40242228.7868762
1977-02-28,12490,"INTERNATIONAL BUSINESS MACHS COR",39683559.2425891
1977-03-31,12490,"INTERNATIONAL BUSINESS MACHS COR",39791688.831806
1977-04-29,12490,"INTERNATIONAL BUSINESS MACHS COR",39351923.3651799
1977-05-31,12490,"INTERNATIONAL BUSINESS MACHS COR",36825714.9032199
1977-06-30,12490,"INTERNATIONAL BUSINESS MACHS COR",34939953.656968
1977-07-29,12490,"INTERNATIONAL BUSINESS MACHS COR",37572903.3215461
1977-08-31,12490,"INTERNATIONAL BUSINESS MACHS COR",38159979.9359452
1977-09-30,12490,"INTERNATIONAL BUSINESS MACHS COR",38195560.3368179
1977-10-31,12490,"INTERNATIONAL BUSINESS MACHS COR",37042404.5389894
1977-11-30,12490,"INTERNATIONAL BUSINESS MACHS COR",36510186.0829694
1977-12-30,12490,"INTERNATIONAL BUSINESS MACHS COR",37468179.3038053
1978-01-31,12490,"INTERNATIONAL BUSINESS MACHS COR",38646127.5996991
1978-02-28,12490,"INTERNATIONAL BUSINESS MACHS COR",37515710.7046439
1978-03-31,12490,"INTERNATIONAL BUSINESS MACHS COR",35502155.6103269
1978-04-28,12490,"INTERNATIONAL BUSINESS MACHS COR",33276647.348187
1978-05-31,12490,"INTERNATIONAL BUSINESS MACHS COR",37586361.7605849
1978-06-30,12490,"INTERNATIONAL BUSINESS MACHS COR",36232193.2861232
1978-07-31,12490,"INTERNATIONAL BUSINESS MACHS COR",36091894.3769804
1978-08-31,12490,"INTERNATIONAL BUSINESS MACHS COR",39423993.4691214
1978-09-29,12490,"INTERNATIONAL BUSINESS MACHS COR",40949744.1060492
1978-10-31,12490,"INTERNATIONAL BUSINESS MACHS COR",38678601.3777629
1978-11-30,12490,"INTERNATIONAL BUSINESS MACHS COR",36898268.6428659
1978-12-29,12490,"INTERNATIONAL BUSINESS MACHS COR",37631346.8278235
1979-01-31,12490,"INTERNATIONAL BUSINESS MACHS COR",41703612.1586591
1979-02-28,12490,"INTERNATIONAL BUSINESS MACHS COR",43135645.7419966
1979-03-30,12490,"INTERNATIONAL BUSINESS MACHS COR",41913178.0489036
1979-04-30,12490,"INTERNATIONAL BUSINESS MACHS COR",44078692.248097
1979-05-31,12490,"INTERNATIONAL BUSINESS MACHS COR",43904054.0062265
1979-06-29,12490,"INTERNATIONAL BUSINESS MACHS COR",42472020.422889
1979-07-31,12490,"INTERNATIONAL BUSINESS MACHS COR",41005056.735567
1979-08-31,12490,"INTERNATIONAL BUSINESS MACHS COR",38979253.2511863
1979-09-28,12490,"INTERNATIONAL BUSINESS MACHS COR",39118963.836316
1979-10-31,12490,"INTERNATIONAL BUSINESS MACHS COR",37879809.9472289
1979-11-30,12490,"INTERNATIONAL BUSINESS MACHS COR",34874585.1728177
1979-12-31,12490,"INTERNATIONAL BUSINESS MACHS COR",36482030.9823865
1980-01-31,12490,"INTERNATIONAL BUSINESS MACHS COR",35997372.8210644
1980-02-29,12490,"INTERNATIONAL BUSINESS MACHS COR",38373898.4053677
1980-03-31,12490,"INTERNATIONAL BUSINESS MACHS COR",35508088.1419431
1980-04-30,12490,"INTERNATIONAL BUSINESS MACHS COR",31174423.8411548
1980-05-30,12490,"INTERNATIONAL BUSINESS MACHS COR",30685139.1620335
1980-06-30,12490,"INTERNATIONAL BUSINESS MACHS COR",30964730.4072457
1980-07-31,12490,"INTERNATIONAL BUSINESS MACHS COR",32851971.3124277
1980-08-29,12490,"INTERNATIONAL BUSINESS MACHS COR",36475091.2056877
1980-09-30,12490,"INTERNATIONAL BUSINESS MACHS COR",36614842.5129892
1980-10-31,12490,"INTERNATIONAL BUSINESS MACHS COR",35846210.322831
1980-11-28,12490,"INTERNATIONAL BUSINESS MACHS COR",37243723.3958459
1980-12-31,11850,"EXXON CORP",38208313.625
1981-01-30,12490,"INTERNATIONAL BUSINESS MACHS COR",37968299.1067472
1981-02-27,12490,"INTERNATIONAL BUSINESS MACHS COR",36010449.4290512
1981-03-31,12490,"INTERNATIONAL BUSINESS MACHS COR",35940526.2262763
1981-04-30,12490,"INTERNATIONAL BUSINESS MACHS COR",34891678.1846535
1981-05-29,12490,"INTERNATIONAL BUSINESS MACHS COR",32793982.1014078
1981-06-30,12490,"INTERNATIONAL BUSINESS MACHS COR",32863905.3041826
1981-07-31,12490,"INTERNATIONAL BUSINESS MACHS COR",32374442.8847587
1981-08-31,12490,"INTERNATIONAL BUSINESS MACHS COR",31395518.0459107
1981-09-30,12490,"INTERNATIONAL BUSINESS MACHS COR",30836132.4237118
1981-10-30,12490,"INTERNATIONAL BUSINESS MACHS COR",30482530.7871596
1981-11-30,12490,"INTERNATIONAL BUSINESS MACHS COR",29004163.2432096
1981-12-31,12490,"INTERNATIONAL BUSINESS MACHS COR",30840464.9034765
1982-01-29,12490,"INTERNATIONAL BUSINESS MACHS COR",32277509.0247519
1982-02-26,12490,"INTERNATIONAL BUSINESS MACHS COR",36108246.3595576
1982-03-31,12490,"INTERNATIONAL BUSINESS MACHS COR",35115092.2357191
1982-04-30,12490,"INTERNATIONAL BUSINESS MACHS COR",33909176.6216407
1982-05-28,12490,"INTERNATIONAL BUSINESS MACHS COR",36463005.8232706
1982-06-30,12490,"INTERNATIONAL BUSINESS MACHS COR",34902332.4222746
1982-07-30,12490,"INTERNATIONAL BUSINESS MACHS COR",34556553.5149223
1982-08-31,12490,"INTERNATIONAL BUSINESS MACHS COR",37406578.5470808
1982-09-30,12490,"INTERNATIONAL BUSINESS MACHS COR",40185352.9534354
1982-10-29,12490,"INTERNATIONAL BUSINESS MACHS COR",41970353.0612294
1982-11-30,12490,"INTERNATIONAL BUSINESS MACHS COR",45688340.0445069
1982-12-31,12490,"INTERNATIONAL BUSINESS MACHS COR",49477826.7774629
1983-01-31,12490,"INTERNATIONAL BUSINESS MACHS COR",55556135.513806
1983-02-28,12490,"INTERNATIONAL BUSINESS MACHS COR",57071302.8460007
1983-03-31,12490,"INTERNATIONAL BUSINESS MACHS COR",57143453.6713433
1983-04-29,12490,"INTERNATIONAL BUSINESS MACHS COR",58730771.8288807
1983-05-31,12490,"INTERNATIONAL BUSINESS MACHS COR",67533172.5206785
1983-06-30,12490,"INTERNATIONAL BUSINESS MACHS COR",64214234.5549186
1983-07-29,12490,"INTERNATIONAL BUSINESS MACHS COR",69767888.4116676
1983-08-31,12490,"INTERNATIONAL BUSINESS MACHS COR",69840412.2041954
1983-09-30,12490,"INTERNATIONAL BUSINESS MACHS COR",69332745.6565013
1983-10-31,12490,"INTERNATIONAL BUSINESS MACHS COR",73858431.7652103
1983-11-30,12490,"INTERNATIONAL BUSINESS MACHS COR",73785664.8373628
1983-12-30,12490,"INTERNATIONAL BUSINESS MACHS COR",68328145.2488005
1984-01-31,12490,"INTERNATIONAL BUSINESS MACHS COR",71391668.2436527
1984-02-29,12490,"INTERNATIONAL BUSINESS MACHS COR",66783394.5762858
1984-03-30,12490,"INTERNATIONAL BUSINESS MACHS COR",64515831.343137
1984-04-30,12490,"INTERNATIONAL BUSINESS MACHS COR",66710247.3752165
1984-05-31,12490,"INTERNATIONAL BUSINESS MACHS COR",66563952.9730779
1984-06-29,12490,"INTERNATIONAL BUSINESS MACHS COR",63052887.3217507
1984-07-31,12490,"INTERNATIONAL BUSINESS MACHS COR",61882532.1046416
1984-08-31,12490,"INTERNATIONAL BUSINESS MACHS COR",64808420.1474143
1984-09-28,12490,"INTERNATIONAL BUSINESS MACHS COR",72415729.0586232
1984-10-31,12490,"INTERNATIONAL BUSINESS MACHS COR",72721294.5817953
1984-11-30,12490,"INTERNATIONAL BUSINESS MACHS COR",72940775.3501508
1984-12-31,12490,"INTERNATIONAL BUSINESS MACHS COR",71258089.4594252
1985-01-31,12490,"INTERNATIONAL BUSINESS MACHS COR",72281341.100888
1985-02-28,12490,"INTERNATIONAL BUSINESS MACHS COR",80059840.7523541
1985-03-29,12490,"INTERNATIONAL BUSINESS MACHS COR",78665581.3808649
1985-04-30,12490,"INTERNATIONAL BUSINESS MACHS COR",74556185.3385809
1985-05-31,12490,"INTERNATIONAL BUSINESS MACHS COR",74262657.0498463
1985-06-28,12490,"INTERNATIONAL BUSINESS MACHS COR",75510152.2769683
1985-07-31,12490,"INTERNATIONAL BUSINESS MACHS COR",72648251.4618062
1985-08-30,12490,"INTERNATIONAL BUSINESS MACHS COR",77124557.8650084
1985-09-30,12490,"INTERNATIONAL BUSINESS MACHS COR",74336039.12203
1985-10-31,12490,"INTERNATIONAL BUSINESS MACHS COR",72721633.5339898
1985-11-29,12490,"INTERNATIONAL BUSINESS MACHS COR",76243972.9988047
1985-12-31,12490,"INTERNATIONAL BUSINESS MACHS COR",82041156.7013125
1986-01-31,12490,"INTERNATIONAL BUSINESS MACHS COR",91607786.5583297
1986-02-28,12490,"INTERNATIONAL BUSINESS MACHS COR",89251316.1645463
1986-03-31,12490,"INTERNATIONAL BUSINESS MACHS COR",88967109.1809334
1986-04-30,12490,"INTERNATIONAL BUSINESS MACHS COR",89335655.6149886
1986-05-30,12490,"INTERNATIONAL BUSINESS MACHS COR",92136608.5138084
1986-06-30,12490,"INTERNATIONAL BUSINESS MACHS COR",89851620.622666
1986-07-31,12490,"INTERNATIONAL BUSINESS MACHS COR",86412831.7958717
1986-08-29,12490,"INTERNATIONAL BUSINESS MACHS COR",78154950.2590649
1986-09-30,12490,"INTERNATIONAL BUSINESS MACHS COR",81841504.5165679
1986-10-31,12490,"INTERNATIONAL BUSINESS MACHS COR",79334647.6214659
1986-11-28,12490,"INTERNATIONAL BUSINESS MACHS COR",72920043.2134105
1986-12-31,12490,"INTERNATIONAL BUSINESS MACHS COR",74984513.5976122
1987-01-30,12490,"INTERNATIONAL BUSINESS MACHS COR",69669177.8672601
1987-02-27,12490,"INTERNATIONAL BUSINESS MACHS COR",74749222.0867478
1987-03-31,12490,"INTERNATIONAL BUSINESS MACHS COR",80990419.2706899
1987-04-30,12490,"INTERNATIONAL BUSINESS MACHS COR",87159044.3943535
1987-05-29,12490,"INTERNATIONAL BUSINESS MACHS COR",92964809.2166252
1987-06-30,12490,"INTERNATIONAL BUSINESS MACHS COR",92892237.1563468
1987-07-31,12490,"INTERNATIONAL BUSINESS MACHS COR",94343678.3619147
1987-08-31,12490,"INTERNATIONAL BUSINESS MACHS COR",93472813.638574
1987-09-30,12490,"INTERNATIONAL BUSINESS MACHS COR",97754565.1949993
1987-10-30,12490,"INTERNATIONAL BUSINESS MACHS COR",87521904.6957455
1987-11-30,12490,"INTERNATIONAL BUSINESS MACHS COR",71120619.072828
1987-12-31,12490,"INTERNATIONAL BUSINESS MACHS COR",64298845.4066588
1988-01-29,12490,"INTERNATIONAL BUSINESS MACHS COR",66894897.0327909
1988-02-29,12490,"INTERNATIONAL BUSINESS MACHS COR",65084970.1650206
1988-03-31,12490,"INTERNATIONAL BUSINESS MACHS COR",68053250.2281639
1988-04-29,12490,"INTERNATIONAL BUSINESS MACHS COR",61569740.5518573
1988-05-31,12490,"INTERNATIONAL BUSINESS MACHS COR",64859180.813629
1988-06-30,12490,"INTERNATIONAL BUSINESS MACHS COR",64358613.8172724
1988-07-29,12490,"INTERNATIONAL BUSINESS MACHS COR",72868252.755334
1988-08-31,12490,"INTERNATIONAL BUSINESS MACHS COR",71938628.333529
1988-09-30,11850,"EXXON CORP",64123500
1988-10-31,12490,"INTERNATIONAL BUSINESS MACHS COR",65438208.8951596
1988-11-30,12490,"INTERNATIONAL BUSINESS MACHS COR",69550252.357694
1988-12-30,12490,"INTERNATIONAL BUSINESS MACHS COR",67210641.4221141
1989-01-31,12490,"INTERNATIONAL BUSINESS MACHS COR",69146705.8158448
1989-02-28,12490,"INTERNATIONAL BUSINESS MACHS COR",74111084.694931
1989-03-31,12490,"INTERNATIONAL BUSINESS MACHS COR",68933946.7210268
1989-04-28,12490,"INTERNATIONAL BUSINESS MACHS COR",61912896.5920333
1989-05-31,12490,"INTERNATIONAL BUSINESS MACHS COR",64678764.8246671
1989-06-30,12490,"INTERNATIONAL BUSINESS MACHS COR",62196575.385124
1989-07-31,12490,"INTERNATIONAL BUSINESS MACHS COR",63217362.377025
1989-08-31,12490,"INTERNATIONAL BUSINESS MACHS COR",64983210.4881151
1989-09-29,12490,"INTERNATIONAL BUSINESS MACHS COR",66183987.2036564
1989-10-31,12490,"INTERNATIONAL BUSINESS MACHS COR",60586234.4686835
1989-11-30,11850,"EXXON CORP",58614718
1989-12-29,11850,"EXXON CORP",60207509.25
1990-01-31,11850,"EXXON CORP",62581600
1990-02-28,11850,"EXXON CORP",58826704
1990-03-30,11850,"EXXON CORP",58826704
1990-04-30,12490,"INTERNATIONAL BUSINESS MACHS COR",58438747.8650803
1990-05-31,12490,"INTERNATIONAL BUSINESS MACHS COR",60021894.1558893
1990-06-29,12490,"INTERNATIONAL BUSINESS MACHS COR",66079149.5294194
1990-07-31,12490,"INTERNATIONAL BUSINESS MACHS COR",64702500.5808898
1990-08-31,11850,"EXXON CORP",64843750
1990-09-28,11850,"EXXON CORP",62500000
1990-10-31,11850,"EXXON CORP",61106381
1990-11-30,11850,"EXXON CORP",61106381
1990-12-31,11850,"EXXON CORP",63132868.125
1991-01-31,11850,"EXXON CORP",64490073.75
1991-02-28,12490,"INTERNATIONAL BUSINESS MACHS COR",69353181.2400141
1991-03-28,12490,"INTERNATIONAL BUSINESS MACHS COR",70447511.5159906
1991-04-30,11850,"EXXON CORP",72832500
1991-05-31,11850,"EXXON CORP",74077500
1991-06-28,11850,"EXXON CORP",72521250
1991-07-31,11850,"EXXON CORP",72350861.25
1991-08-30,11850,"EXXON CORP",73906793.75
1991-09-30,11850,"EXXON CORP",72506454.5
1991-10-31,11850,"EXXON CORP",74008361
1991-11-29,11850,"EXXON CORP",75874118
1991-12-31,11850,"EXXON CORP",72920002.75
1992-01-31,11850,"EXXON CORP",75653015
1992-02-28,11850,"EXXON CORP",72390770
1992-03-31,11850,"EXXON CORP",70992665
1992-04-30,11850,"EXXON CORP",67999500
1992-05-29,11850,"EXXON CORP",74520000
1992-06-30,11850,"EXXON CORP",75296250
1992-07-31,11850,"EXXON CORP",76848750
1992-08-31,11850,"EXXON CORP",78867000
1992-09-30,11850,"EXXON CORP",79798500
1992-10-30,11850,"EXXON CORP",79299726.625
1992-11-30,11850,"EXXON CORP",76040833.75
1992-12-31,55976,"WAL MART STORES INC",73980071.875
1993-01-29,11850,"EXXON CORP",75884425.875
1993-02-26,11850,"EXXON CORP",75884425.875
1993-03-31,11850,"EXXON CORP",78988083.375
1993-04-30,11850,"EXXON CORP",82127250
1993-05-28,11850,"EXXON CORP",81972000
1993-06-30,11850,"EXXON CORP",81351000
1993-07-30,11850,"EXXON CORP",82127250
1993-08-31,11850,"EXXON CORP",81506250
1993-09-30,11850,"EXXON CORP",81195750
1993-10-29,11850,"EXXON CORP",81333708
1993-11-30,11850,"EXXON CORP",81178491
1993-12-31,11850,"EXXON CORP",77911529.5
1994-01-31,11850,"EXXON CORP",78377136.25
1994-02-28,11850,"EXXON CORP",82567597
1994-03-31,11850,"EXXON CORP",80549967.75
1994-04-29,11850,"EXXON CORP",78090750
1994-05-31,11850,"EXXON CORP",78090750
1994-06-30,11850,"EXXON CORP",75917250
1994-07-29,11850,"EXXON CORP",70470504.25
1994-08-31,11850,"EXXON CORP",73885374.5
1994-09-30,11850,"EXXON CORP",73885374.5
1994-10-31,11850,"EXXON CORP",71381362.5
1994-11-30,11850,"EXXON CORP",78053968.125
1994-12-30,11850,"EXXON CORP",74952906
1995-01-31,11850,"EXXON CORP",75418452
1995-02-28,11850,"EXXON CORP",77591000
1995-03-31,11850,"EXXON CORP",79298002
1995-04-28,11850,"EXXON CORP",82734591.875
1995-05-31,11850,"EXXON CORP",86304752.5
1995-06-30,11850,"EXXON CORP",88633118.125
1995-07-31,11850,"EXXON CORP",87732705.625
1995-08-31,11850,"EXXON CORP",90061892.5
1995-09-29,11850,"EXXON CORP",85403518.75
1995-10-31,11850,"EXXON CORP",89717521.25
1995-11-30,11850,"EXXON CORP",94839801.875
1995-12-29,11850,"EXXON CORP",96081566.875
1996-01-31,11850,"EXXON CORP",100731127.75
1996-02-29,11850,"EXXON CORP",99644659.5
1996-03-29,11308,"COCA COLA CO",101289731.5
1996-04-30,11308,"COCA COLA CO",103500059
1996-05-31,11850,"EXXON CORP",105581135
1996-06-28,11308,"COCA COLA CO",115069552
1996-07-31,11308,"COCA COLA CO",122309194
1996-08-30,11308,"COCA COLA CO",117004968.75
1996-09-30,11308,"COCA COLA CO",125429326.5
1996-10-31,11308,"COCA COLA CO",126831629.375
1996-11-29,11308,"COCA COLA CO",125896752.5
1996-12-31,12060,"GENERAL ELECTRIC CO",133411251.061714
1997-01-31,11308,"COCA COLA CO",130939472.625
1997-02-28,11308,"COCA COLA CO",144002317.875
1997-03-31,11308,"COCA COLA CO",151777821
1997-04-30,11308,"COCA COLA CO",138714975.75
1997-05-30,11308,"COCA COLA CO",158309243.625
1997-06-30,11308,"COCA COLA CO",169813349.5
1997-07-31,11308,"COCA COLA CO",168573836
1997-08-29,12060,"GENERAL ELECTRIC CO",177928695.218143
1997-09-30,10107,"MICROSOFT CORP",159153750
1997-10-31,12060,"GENERAL ELECTRIC CO",172695498.299963
1997-11-28,12060,"GENERAL ELECTRIC CO",164306662.708976
1997-12-31,12060,"GENERAL ELECTRIC CO",187824444.218578
1998-01-30,12060,"GENERAL ELECTRIC CO",186553212.785627
1998-02-27,12060,"GENERAL ELECTRIC CO",197040872.107477
1998-03-31,10107,"MICROSOFT CORP",204586500
1998-04-30,10107,"MICROSOFT CORP",220534444
1998-05-29,10107,"MICROSOFT CORP",222074489
1998-06-30,12060,"GENERAL ELECTRIC CO",211025448.185764
1998-07-31,10107,"MICROSOFT CORP",269272426.5
1998-08-31,10107,"MICROSOFT CORP",273154670.25
1998-09-30,10107,"MICROSOFT CORP",238369766.25
1998-10-30,10107,"MICROSOFT CORP",273835500
1998-11-30,10107,"MICROSOFT CORP",264006406.125
1998-12-31,10107,"MICROSOFT CORP",304215174
1999-01-29,10107,"MICROSOFT CORP",342558125
1999-02-26,10107,"MICROSOFT CORP",441605325
1999-03-31,10107,"MICROSOFT CORP",378834282.375
1999-04-30,10107,"MICROSOFT CORP",452330025.75
1999-05-28,10107,"MICROSOFT CORP",410377519.875
1999-06-30,10107,"MICROSOFT CORP",407223196.125
1999-07-30,10107,"MICROSOFT CORP",463699752.75
1999-08-31,10107,"MICROSOFT CORP",441205655.25
1999-09-30,10107,"MICROSOFT CORP",475910834.25
1999-10-29,10107,"MICROSOFT CORP",467304764.0625
1999-11-30,10107,"MICROSOFT CORP",477624814.0625
1999-12-31,10107,"MICROSOFT CORP",469804151.171875
2000-01-31,10107,"MICROSOFT CORP",602432918.75
2000-02-29,10107,"MICROSOFT CORP",505037446.875
2000-03-31,10107,"MICROSOFT CORP",461177234.375
2000-04-28,10107,"MICROSOFT CORP",556962500
2000-05-31,76076,"CISCO SYSTEMS INC",485366203.125
2000-06-30,59328,"INTEL CORP",417578437.5
2000-07-31,76076,"CISCO SYSTEMS INC",451210673.8125
2000-08-31,76076,"CISCO SYSTEMS INC",467092875
2000-09-29,59328,"INTEL CORP",501512750
2000-10-31,12060,"GENERAL ELECTRIC CO",444067244.997763
2000-11-30,12060,"GENERAL ELECTRIC CO",421936049.689098
2000-12-29,12060,"GENERAL ELECTRIC CO",381522562.603712
2001-01-31,12060,"GENERAL ELECTRIC CO",369013626.124901
2001-02-28,12060,"GENERAL ELECTRIC CO",353945165.273574
2001-03-30,12060,"GENERAL ELECTRIC CO",357948028.470569
2001-04-30,12060,"GENERAL ELECTRIC CO",323014808.613403
2001-05-31,12060,"GENERAL ELECTRIC CO",374489539.897228
2001-06-29,12060,"GENERAL ELECTRIC CO",378116379.899691
2001-07-31,10107,"MICROSOFT CORP",392959000
2001-08-31,10107,"MICROSOFT CORP",356300783.14209
2001-09-28,12060,"GENERAL ELECTRIC CO",316285265.448895
2001-10-31,12060,"GENERAL ELECTRIC CO",287111084.612846
2001-11-30,10107,"MICROSOFT CORP",313195908.218384
2001-12-31,10107,"MICROSOFT CORP",345835055.06897
2002-01-31,10107,"MICROSOFT CORP",357948750
2002-02-28,10107,"MICROSOFT CORP",345003788.662216
2002-03-28,10107,"MICROSOFT CORP",315969849.206417
2002-04-30,10107,"MICROSOFT CORP",326606580.967007
2002-05-31,10107,"MICROSOFT CORP",283012087.290325
2002-06-28,10107,"MICROSOFT CORP",275701220.503666
2002-07-31,10107,"MICROSOFT CORP",293137304.088593
2002-08-30,10107,"MICROSOFT CORP",258072278.597805
2002-09-30,10107,"MICROSOFT CORP",263988912.60878
2002-10-31,10107,"MICROSOFT CORP",233853731.973839
2002-11-29,10107,"MICROSOFT CORP",285874688.026428
2002-12-31,10107,"MICROSOFT CORP",308383237.631607
2003-01-31,10107,"MICROSOFT CORP",276630832.182255
2003-02-28,10107,"MICROSOFT CORP",253943884.881294
2003-03-31,10107,"MICROSOFT CORP",253622856.36451
2003-04-30,10107,"MICROSOFT CORP",259579610.183716
2003-05-30,10107,"MICROSOFT CORP",274418825.426218
2003-06-30,10107,"MICROSOFT CORP",264219389.762894
2003-07-31,10107,"MICROSOFT CORP",274809513.458252
2003-08-29,10107,"MICROSOFT CORP",283062378.364563
2003-09-30,10107,"MICROSOFT CORP",286786887.150249
2003-10-31,10107,"MICROSOFT CORP",300378991.756439
2003-11-28,10107,"MICROSOFT CORP",282637933.060593
2003-12-31,10107,"MICROSOFT CORP",277988568.090889
2004-01-30,10107,"MICROSOFT CORP",295294939.054489
2004-02-27,10107,"MICROSOFT CORP",298464962.332266
2004-03-31,10107,"MICROSOFT CORP",286375253.701921
2004-04-30,11850,"EXXON MOBIL CORP",272727382.570599
2004-05-28,10107,"MICROSOFT CORP",282065319.030733
2004-06-30,10107,"MICROSOFT CORP",283144792.448582
2004-07-30,10107,"MICROSOFT CORP",310218714.199066
2004-08-31,10107,"MICROSOFT CORP",309458377.513885
2004-09-30,11850,"EXXON MOBIL CORP",299903862.773384
2004-10-29,11850,"EXXON MOBIL CORP",314411165.221939
2004-11-30,11850,"EXXON MOBIL CORP",320201062.481293
2004-12-31,11850,"EXXON MOBIL CORP",330628920
2005-01-31,11850,"EXXON MOBIL CORP",330693422.131714
2005-02-28,11850,"EXXON MOBIL CORP",332886863.756104
2005-03-31,11850,"EXXON MOBIL CORP",404257023.748955
2005-04-29,11850,"EXXON MOBIL CORP",380567327.056717
2005-05-31,11850,"EXXON MOBIL CORP",364385307.060486
2005-06-30,11850,"EXXON MOBIL CORP",357754311.85667
2005-07-29,11850,"EXXON MOBIL CORP",365838798.220673
2005-08-31,11850,"EXXON MOBIL CORP",373986931.25
2005-09-30,11850,"EXXON MOBIL CORP",377677416.420868
2005-10-31,11850,"EXXON MOBIL CORP",400628093.052521
2005-11-30,11850,"EXXON MOBIL CORP",353970106.631653
2005-12-30,11850,"EXXON MOBIL CORP",361085632.284302
2006-01-31,11850,"EXXON MOBIL CORP",349511971.926453
2006-02-28,11850,"EXXON MOBIL CORP",384845750
2006-03-31,11850,"EXXON MOBIL CORP",362532983.687733
2006-04-28,11850,"EXXON MOBIL CORP",371631430.10701
2006-05-31,11850,"EXXON MOBIL CORP",384232213.2733
2006-06-30,11850,"EXXON MOBIL CORP",368525233.916794
2006-07-31,11850,"EXXON MOBIL CORP",371187368.167938
2006-08-31,11850,"EXXON MOBIL CORP",402714287.30011
2006-09-29,11850,"EXXON MOBIL CORP",402295229.304459
2006-10-31,11850,"EXXON MOBIL CORP",398906605.628716
2006-11-30,11850,"EXXON MOBIL CORP",416521429.321289
2006-12-29,11850,"EXXON MOBIL CORP",447993389.040527
2007-01-31,11850,"EXXON MOBIL CORP",446943539.420593
2007-02-28,11850,"EXXON MOBIL CORP",432187351.90033
2007-03-30,11850,"EXXON MOBIL CORP",408102842.057487
2007-04-30,11850,"EXXON MOBIL CORP",428211855.229935
2007-05-31,11850,"EXXON MOBIL CORP",447147524.528503
2007-06-29,11850,"EXXON MOBIL CORP",468519055.585175
2007-07-31,11850,"EXXON MOBIL CORP",472518672.127762
2007-08-31,11850,"EXXON MOBIL CORP",472130964.767456
2007-09-28,11850,"EXXON MOBIL CORP",475481059.878433
2007-10-31,11850,"EXXON MOBIL CORP",513361997.179321
2007-11-30,11850,"EXXON MOBIL CORP",510200629.531906
2007-12-31,11850,"EXXON MOBIL CORP",487136914.168396
2008-01-31,11850,"EXXON MOBIL CORP",511887133.278931
2008-02-29,11850,"EXXON MOBIL CORP",472057294.736832
2008-03-31,11850,"EXXON MOBIL CORP",465505860.698891
2008-04-30,11850,"EXXON MOBIL CORP",452505293.456192
2008-05-30,11850,"EXXON MOBIL CORP",496207077.662941
2008-06-30,11850,"EXXON MOBIL CORP",468980690.727188
2008-07-31,11850,"EXXON MOBIL CORP",465651937.707901
2008-08-29,11850,"EXXON MOBIL CORP",424967510.032455
2008-09-30,11850,"EXXON MOBIL CORP",415572191.125587
2008-10-31,11850,"EXXON MOBIL CORP",403366292.001007
2008-11-28,11850,"EXXON MOBIL CORP",377048453.971863
2008-12-31,11850,"EXXON MOBIL CORP",407694925.11161
2009-01-30,11850,"EXXON MOBIL CORP",406067198.983932
2009-02-27,11850,"EXXON MOBIL CORP",389026932.595543
2009-03-31,11850,"EXXON MOBIL CORP",337870407.592773
2009-04-30,11850,"EXXON MOBIL CORP",336524995.459671
2009-05-29,11850,"EXXON MOBIL CORP",328211467.405853
2009-06-30,11850,"EXXON MOBIL CORP",338407881.054153
2009-07-31,11850,"EXXON MOBIL CORP",341140543.970032
2009-08-31,11850,"EXXON MOBIL CORP",338294337.06665
2009-09-30,11850,"EXXON MOBIL CORP",332320385.833054
2009-10-30,11850,"EXXON MOBIL CORP",329725254.833221
2009-11-30,11850,"EXXON MOBIL CORP",340217481.307983
2009-12-31,11850,"EXXON MOBIL CORP",356378608.431244
2010-01-29,11850,"EXXON MOBIL CORP",322668136.172485
2010-02-26,11850,"EXXON MOBIL CORP",304876189.584061
2010-03-31,11850,"EXXON MOBIL CORP",306882745
2010-04-30,11850,"EXXON MOBIL CORP",316230881.389
2010-05-28,11850,"EXXON MOBIL CORP",318383444.229126
2010-06-30,11850,"EXXON MOBIL CORP",283061321.413689
2010-07-30,11850,"EXXON MOBIL CORP",290959694.094124
2010-08-31,11850,"EXXON MOBIL CORP",303890561.553955
2010-09-30,11850,"EXXON MOBIL CORP",300976537.547791
2010-10-29,11850,"EXXON MOBIL CORP",314622573.821686
2010-11-30,11850,"EXXON MOBIL CORP",335309059.22699
2010-12-31,11850,"EXXON MOBIL CORP",350760252.60907
2011-01-31,11850,"EXXON MOBIL CORP",368711781.689796
2011-02-28,11850,"EXXON MOBIL CORP",406833500.298866
2011-03-31,11850,"EXXON MOBIL CORP",424108880.887024
2011-04-29,11850,"EXXON MOBIL CORP",417166836.120804
2011-05-31,11850,"EXXON MOBIL CORP",433389496.536255
2011-06-30,11850,"EXXON MOBIL CORP",411180404.433289
2011-07-29,11850,"EXXON MOBIL CORP",400884865.150101
2011-08-31,11850,"EXXON MOBIL CORP",387938984.451294
2011-09-30,11850,"EXXON MOBIL CORP",359893735.978203
2011-10-31,14593,"APPLE INC",354351912.446228
2011-11-30,11850,"EXXON MOBIL CORP",379682542.544403
2011-12-30,11850,"EXXON MOBIL CORP",385565663.222168
2012-01-31,11850,"EXXON MOBIL CORP",406272320.319397
2012-02-29,14593,"APPLE INC",425608267.843323
2012-03-30,14593,"APPLE INC",505754785.076294
2012-04-30,14593,"APPLE INC",560568446.686646
2012-05-31,14593,"APPLE INC",546057488.49707
2012-06-29,14593,"APPLE INC",540213350.99707
2012-07-31,14593,"APPLE INC",547363344
2012-08-31,14593,"APPLE INC",572530097.714355
2012-09-28,14593,"APPLE INC",623599958.285645
2012-10-31,14593,"APPLE INC",626550334.496094
2012-11-30,14593,"APPLE INC",560012768.329834
2012-12-31,14593,"APPLE INC",550568241.319336
2013-01-31,14593,"APPLE INC",499695996.260559
2013-02-28,14593,"APPLE INC",427731519.249512
2013-03-28,14593,"APPLE INC",414500195.468445
2013-04-30,14593,"APPLE INC",416142013.482727
2013-05-31,14593,"APPLE INC",415615003.074188
2013-06-28,14593,"APPLE INC",422143294.265259
2013-07-31,11850,"EXXON MOBIL CORP",401730064.815369
2013-08-30,11850,"EXXON MOBIL CORP",416847750
2013-09-30,14593,"APPLE INC",442634277.457214
2013-10-31,14593,"APPLE INC",428699797.75
2013-11-29,14593,"APPLE INC",470294875.799561
2013-12-31,14593,"APPLE INC",500317316.249878
2014-01-31,14593,"APPLE INC",500680633.370605
2014-02-28,14593,"APPLE INC",446529698.844269
2014-03-31,14593,"APPLE INC",469400282.64917
2014-04-30,14593,"APPLE INC",462533002.884521
2014-05-30,14593,"APPLE INC",508292337.42279
2014-06-30,14593,"APPLE INC",545254173
2014-07-31,14593,"APPLE INC",556573662.85775
2014-08-29,14593,"APPLE INC",572440076.06324
2014-09-30,14593,"APPLE INC",613756367.5
2014-10-31,14593,"APPLE INC",591015720.75
2014-11-28,14593,"APPLE INC",633402720
2014-12-31,14593,"APPLE INC",697505422.989807
2015-01-30,14593,"APPLE INC",643120113.217262
2015-02-27,14593,"APPLE INC",682427497.010864
2015-03-31,14593,"APPLE INC",748247167.186584
2015-04-30,14593,"APPLE INC",724773395.417572
2015-05-29,14593,"APPLE INC",721149100.492538
2015-06-30,14593,"APPLE INC",750709570.805969
2015-07-31,14593,"APPLE INC",715599812.411499
2015-08-31,14593,"APPLE INC",691740196.003326
2015-09-30,14593,"APPLE INC",643038944.902328
2015-10-30,14593,"APPLE INC",629010254.003326
2015-11-30,14593,"APPLE INC",666252054.5
2015-12-31,14593,"APPLE INC",659561674.31456
2016-01-29,14593,"APPLE INC",583612713.464302
2016-02-29,14593,"APPLE INC",539709688.915131
2016-03-31,14593,"APPLE INC",536105743.80658
2016-04-29,14593,"APPLE INC",597095817.836777
2016-05-31,14593,"APPLE INC",513453807.798958
2016-06-30,14593,"APPLE INC",546975663.843155
2016-07-29,14593,"APPLE INC",515586565.770683
2016-08-31,14593,"APPLE INC",561529640.096733
2016-09-30,14593,"APPLE INC",571713794.077888
2016-10-31,14593,"APPLE INC",609163497.594223
2016-11-30,14593,"APPLE INC",605430822.901878
2016-12-30,14593,"APPLE INC",589327214.859779
2017-01-31,14593,"APPLE INC",608960247.515442
2017-02-28,14593,"APPLE INC",636667620.994415
2017-03-31,14593,"APPLE INC",718723543.420105
2017-04-28,14593,"APPLE INC",747867401.964264
2017-05-31,14593,"APPLE INC",748968084.177246
2017-06-30,14593,"APPLE INC",796466169.759521
2017-07-31,14593,"APPLE INC",744552025.727692
2017-08-31,14593,"APPLE INC",768224338.371765
2017-09-29,14593,"APPLE INC",847097392
2017-10-31,14593,"APPLE INC",790050073.089722
2017-11-30,14593,"APPLE INC",867904066.008911
2017-12-29,14593,"APPLE INC",882331548.537354
2018-01-31,14593,"APPLE INC",860882465.145752
2018-02-28,14593,"APPLE INC",849541959.426819
2018-03-29,14593,"APPLE INC",903783170.784546
2018-04-30,14593,"APPLE INC",829383847.92572
2018-05-31,14593,"APPLE INC",812275678.880341
2018-06-29,14593,"APPLE INC",918491814.060303
2018-07-31,14593,"APPLE INC",896472368.825882
2018-08-31,14593,"APPLE INC",919086586.112518
2018-09-28,14593,"APPLE INC",1099436078.96362
2018-10-31,14593,"APPLE INC",1073390565.75992
2018-11-30,14593,"APPLE INC",1038577809.17636
2018-12-31,10107,"MICROSOFT CORP",851215920.224808
2019-01-31,10107,"MICROSOFT CORP",780362307.655334
2019-02-28,84788,"AMAZON COM INC",844245322.596191
2019-03-29,10107,"MICROSOFT CORP",859518013.024506
2019-04-30,10107,"MICROSOFT CORP",904128058.71582
2019-05-31,10107,"MICROSOFT CORP",1000764077.57013
2019-06-28,10107,"MICROSOFT CORP",947737332.578506
2019-07-31,10107,"MICROSOFT CORP",1023856331.31409
2019-08-30,10107,"MICROSOFT CORP",1040477217.05199
2019-09-30,10107,"MICROSOFT CORP",1052617489.40028
2019-10-31,10107,"MICROSOFT CORP",1061355010.68115
2019-11-29,14593,"APPLE INC",1105306576.99242
2019-12-31,14593,"APPLE INC",1187462571.25
2020-01-31,14593,"APPLE INC",1287643183.58633
2020-02-28,14593,"APPLE INC",1354254857.5293
2020-03-31,10107,"MICROSOFT CORP",1232255632.68874
2020-04-30,10107,"MICROSOFT CORP",1197018950.95825
2020-05-29,10107,"MICROSOFT CORP",1359028333.31421
2020-06-30,10107,"MICROSOFT CORP",1389665380
2020-07-31,14593,"APPLE INC",1562780894.90582
2020-08-31,14593,"APPLE INC",2206911130.61584
2020-09-30,14593,"APPLE INC",2206911130.61584
2020-10-30,14593,"APPLE INC",1966078881.58282
2020-11-30,14593,"APPLE INC",1850816176.09708
2020-12-31,14593,"APPLE INC",2024064579.98538
2021-01-29,14593,"APPLE INC",2232278808.54242
2021-02-26,14593,"APPLE INC",2215357260.87305
2021-03-31,14593,"APPLE INC",2035724556.82324
2021-04-30,14593,"APPLE INC",2038232181.21128
2021-05-28,14593,"APPLE INC",2193756083.29854
2021-06-30,14593,"APPLE INC",2079445709.09532
2021-07-30,14593,"APPLE INC",2267638887.48111
2021-08-31,14593,"APPLE INC",2411090022.84921
2021-09-30,14593,"APPLE INC",2509775134.04764
2021-10-29,14593,"APPLE INC",2324390219
2021-11-30,10107,"MICROSOFT CORP",2489796290.93994
2021-12-31,14593,"APPLE INC",2711977474.16835
2022-01-31,14593,"APPLE INC",2902368096.82379
2022-02-28,14593,"APPLE INC",2852311878.05881
2022-03-31,14593,"APPLE INC",2694666018.23523
2022-04-29,14593,"APPLE INC",2830003458.37231
2022-05-31,14593,"APPLE INC",2551593685.86349
2022-06-30,14593,"APPLE INC",2409002280.7681
2022-07-29,14593,"APPLE INC",2200560099.80768
2022-08-31,14593,"APPLE INC",2611657819.24072
2022-09-30,14593,"APPLE INC",2526643649.05762
2022-10-31,14593,"APPLE INC",2203381286.34453
2022-11-30,14593,"APPLE INC",2439350755.86273
2022-12-30,14593,"APPLE INC",2354878688.12091
2023-01-31,14593,"APPLE INC",2058403825.47675
2023-02-28,14593,"APPLE INC",2282948482.11356
2023-03-31,14593,"APPLE INC",2332313117.8017
2023-04-28,14593,"APPLE INC",2592789553.43195
2023-05-31,14593,"APPLE INC",2668846040.15955
2023-06-30,14593,"APPLE INC",2787912429.5
2023-07-31,14593,"APPLE INC",3035216975.0614
2023-08-31,14593,"APPLE INC",3071344828.68811
2023-09-29,14593,"APPLE INC",2937203089.50098
2023-10-31,14593,"APPLE INC",2662326048.21104
2023-11-30,14593,"APPLE INC",2655943525.48853
2023-12-29,14593,"APPLE INC",2954245194.93677
